{"stats":{"minecraft:broken":{"immersive_armors:wither_helmet":1,"minecraft:wooden_pickaxe":1,"minecraft:iron_sword":2,"minecraft:iron_pickaxe":1,"minecraft:golden_pickaxe":1},"minecraft:mined":{"minecraft:yellow_terracotta":1,"minecraft:spruce_planks":8,"minecraft:brewing_stand":1,"minecraft:budding_amethyst":3,"minecraft:grass_block":14,"minecraft:spruce_fence":3,"minecraft:coal_block":9,"minecraft:spawner":5,"minecraft:large_fern":2,"minecraft:iron_ore":61,"minecraft:fire":30,"minecraft:azure_bluet":1,"minecraft:oak_stairs":3,"minecraft:iron_bars":2,"minecraft:stone":70,"minecraft:smithing_table":1,"minecraft:deepslate_redstone_ore":12,"minecraft:light_gray_carpet":1,"minecraft:smoker":1,"minecraft:amethyst_cluster":5,"minecraft:dandelion":1,"minecraft:powder_snow":15,"minecraft:oak_fence":13,"minecraft:blast_furnace":1,"minecraft:calcite":9,"minecraft:poppy":2,"minecraft:white_stained_glass_pane":1,"minecraft:spruce_wall_sign":2,"minecraft:tall_grass":4,"minecraft:deepslate_gold_ore":8,"minecraft:diorite":49,"minecraft:amethyst_block":15,"minecraft:verdant_froglight":6,"minecraft:birch_log":5,"minecraft:sweet_berry_bush":1,"minecraft:white_carpet":1,"minecraft:spruce_log":30,"minecraft:white_wall_banner":1,"minecraft:grass":43,"minecraft:coal_ore":9,"minecraft:cyan_carpet":1,"minecraft:sand":20,"minecraft:dirt":27,"minecraft:deepslate":105,"minecraft:fern":1},"minecraft:killed":{"minecraft:evoker":1,"minecraft:spider":1,"minecraft:vindicator":10,"minecraft:skeleton":39,"minecraft:chicken":2,"minecraft:illusioner":1,"minecraft:squid":2,"minecraft:sheep":1,"minecraft:pillager":20,"minecraft:zombie":29,"minecraft:stray":1,"minecraft:cow":9},"minecraft:used":{"minecraft:flint_and_steel":59,"minecraft:armor_stand":1,"minecraft:light_gray_carpet":1,"minecraft:chest":4,"minecraft:spruce_planks":57,"minecraft:shield":34,"minecraft:iron_sword":524,"minecraft:cooked_chicken":8,"minecraft:rotten_flesh":14,"minecraft:torch":69,"minecraft:dirt":110,"minecraft:white_carpet":1,"securitycraft:keypad_item":1,"minecraft:carrot":9,"minecraft:glass":7,"minecraft:wooden_axe":41,"minecraft:oak_stairs":3,"immersive_armors:wooden_chestplate":1,"minecraft:bow":2,"minecraft:sweet_berries":24,"minecraft:furnace":1,"tombstone:gift":4,"minecraft:egg":1,"securitycraft:reinforced_stone_button":2,"minecraft:cooked_beef":5,"immersive_armors:divine_helmet":1,"minecraft:light_gray_bed":1,"immersive_armors:wooden_helmet":1,"minecraft:cooked_mutton":6,"minecraft:water_bucket":9,"minecraft:diorite":62,"minecraft:spruce_door":2,"minecraft:snow_block":2,"minecraft:birch_planks":1,"minecraft:stone_pickaxe":50,"minecraft:wooden_pickaxe":59,"minecraft:sand":1,"minecraft:crafting_table":4,"minecraft:crossbow":34,"minecraft:black_bed":1,"minecraft:diamond_pickaxe":85,"minecraft:bread":71,"minecraft:iron_pickaxe":255,"tombstone:magic_scroll":1,"immersive_armors:wooden_boots":1,"minecraft:diamond_sword":41,"minecraft:cobblestone":159,"travelersbackpack:standard":5,"minecraft:cooked_porkchop":6,"minecraft:bucket":9,"immersive_armors:wooden_leggings":1,"minecraft:golden_pickaxe":32,"minecraft:splash_potion":1},"minecraft:custom":{"minecraft:interact_with_smithing_table":1,"minecraft:mob_kills":124,"minecraft:interact_with_crafting_table":78,"minecraft:open_barrel":72,"minecraft:leave_game":4,"minecraft:time_since_death":133896,"minecraft:climb_one_cm":10185,"minecraft:sprint_one_cm":1248749,"minecraft:walk_one_cm":722717,"minecraft:damage_blocked_by_shield":1245,"minecraft:drop":44,"minecraft:talked_to_villager":34,"minecraft:play_time":463829,"minecraft:deaths":2,"minecraft:sneak_time":8902,"minecraft:walk_under_water_one_cm":5184,"minecraft:jump":7484,"minecraft:interact_with_brewingstand":1,"minecraft:walk_on_water_one_cm":24622,"minecraft:total_world_time":463829,"minecraft:interact_with_furnace":43,"tombstone:raider_killed":32,"minecraft:interact_with_loom":1,"minecraft:interact_with_grindstone":1,"minecraft:sleep_in_bed":22,"minecraft:time_since_rest":26039,"minecraft:damage_taken":4437,"minecraft:damage_dealt":23859,"minecraft:swim_one_cm":5827,"minecraft:fly_one_cm":2016674,"minecraft:open_chest":142,"minecraft:crouch_one_cm":27400,"tombstone:undead_killed":69,"minecraft:fall_one_cm":137408},"minecraft:picked_up":{"minecraft:chicken":2,"minecraft:smithing_table":1,"minecraft:wooden_pickaxe":1,"minecraft:oak_stairs":3,"minecraft:brewing_stand":1,"minecraft:amethyst_block":14,"minecraft:string":6,"minecraft:iron_axe":1,"minecraft:white_carpet":1,"minecraft:cyan_carpet":1,"minecraft:gold_nugget":30,"minecraft:cobbled_deepslate":95,"minecraft:spruce_planks":141,"minecraft:beef":15,"minecraft:player_head":1,"minecraft:calcite":11,"minecraft:poppy":3,"minecraft:coal_block":9,"minecraft:egg":2,"tameablebeasts:purple_allay":3,"minecraft:tipped_arrow":1,"minecraft:stick":4,"minecraft:raw_iron":61,"securitycraft:reinforced_cobblestone":64,"minecraft:oak_fence":3,"minecraft:torch":27,"minecraft:spruce_fence":3,"minecraft:snow_block":2,"tombstone:grave_dust":11,"minecraft:diorite":49,"minecraft:redstone":68,"minecraft:arrow":38,"minecraft:rotten_flesh":33,"minecraft:hay_block":2,"minecraft:cyan_terracotta":2,"minecraft:yellow_terracotta":1,"minecraft:totem_of_undying":1,"minecraft:snowball":46,"minecraft:mutton":1,"minecraft:iron_bars":3,"minecraft:birch_log":5,"minecraft:white_wool":1,"minecraft:cobblestone":133,"minecraft:feather":2,"minecraft:leather":9,"minecraft:smoker":2,"minecraft:dirt":72,"tombstone:gift":1,"minecraft:cooked_mutton":6,"minecraft:bone":38,"minecraft:wheat_seeds":2,"minecraft:raw_gold":8,"minecraft:cooked_chicken":6,"tombstone:bag_of_seeds":2,"minecraft:verdant_froglight":12,"minecraft:sweet_berries":23,"minecraft:amethyst_shard":22,"minecraft:sand":19,"minecraft:blast_furnace":1,"minecraft:ink_sac":3,"minecraft:spruce_log":29,"minecraft:barrel":1,"minecraft:spruce_sign":1,"minecraft:emerald":5,"tombstone:magic_scroll":1,"minecraft:light_gray_carpet":4,"minecraft:coal":9},"minecraft:dropped":{"minecraft:spruce_sign":1,"minecraft:wheat_seeds":2,"minecraft:diamond":6,"minecraft:yellow_terracotta":1,"minecraft:cookie":1,"minecraft:cobblestone":9,"minecraft:spruce_door":1,"minecraft:golden_apple":7,"minecraft:stick":5,"minecraft:dirt":18,"minecraft:golden_carrot":7,"minecraft:torch":52,"tombstone:grave_dust":2,"minecraft:verdant_froglight":6,"minecraft:redstone":13,"minecraft:cyan_carpet":1,"minecraft:snow_block":2,"minecraft:sweet_berries":3,"minecraft:rotten_flesh":15,"minecraft:smoker":1,"minecraft:light_gray_carpet":3,"minecraft:totem_of_undying":1,"minecraft:flint_and_steel":1,"minecraft:tipped_arrow":1,"minecraft:spruce_planks":8,"tameablebeasts:purple_allay":1,"minecraft:barrel":1,"minecraft:iron_bars":2,"minecraft:wooden_pickaxe":1,"minecraft:calcite":5},"minecraft:killed_by":{"minecraft:vindicator":2},"minecraft:crafted":{"hangglider:glider_framework":1,"minecraft:coal":81,"hangglider:hang_glider":1,"minecraft:cooked_chicken":2,"minecraft:furnace":1,"minecraft:stone":6,"securitycraft:keypad_item":1,"hangglider:glider_wing":2,"minecraft:heavy_weighted_pressure_plate":1,"immersive_armors:wooden_chestplate":1,"securitycraft:laser_block":1,"minecraft:glass":28,"travelersbackpack:white_sleeping_bag":1,"minecraft:stone_pickaxe":1,"minecraft:chest":5,"immersive_armors:wooden_helmet":1,"minecraft:redstone_block":1,"immersive_armors:bone_chestplate":1,"minecraft:cooked_beef":5,"immersive_armors:bone_leggings":1,"minecraft:diamond_axe":1,"minecraft:crafting_table":4,"securitycraft:reinforced_stone_button":10,"travelersbackpack:backpack_tank":2,"minecraft:wooden_pickaxe":1,"travelersbackpack:standard":1,"minecraft:iron_sword":2,"immersive_armors:wooden_leggings":1,"minecraft:spruce_door":3,"minecraft:birch_planks":20,"minecraft:air":0,"securitycraft:reinforced_stone":10,"minecraft:light_gray_bed":1,"immersive_armors:wooden_boots":1,"immersive_armors:bone_helmet":1,"minecraft:diamond_pickaxe":1,"minecraft:shield":1,"minecraft:stick":134,"minecraft:iron_ingot":10,"minecraft:iron_pickaxe":2,"minecraft:wooden_axe":1,"minecraft:gold_ingot":10,"minecraft:black_bed":1,"minecraft:armor_stand":1,"minecraft:torch":292,"immersive_armors:bone_boots":1,"securitycraft:universal_block_reinforcer_lvl1":1,"minecraft:firework_rocket":24}},"DataVersion":3465}