{"stats":{"minecraft:dropped":{"minecraft:snow_block":2,"minecraft:spruce_sign":1,"minecraft:cobblestone":9,"minecraft:smoker":1,"minecraft:light_gray_carpet":3,"minecraft:golden_apple":1,"minecraft:stick":4,"minecraft:tipped_arrow":1,"minecraft:torch":52,"minecraft:spruce_planks":8,"tombstone:grave_dust":2,"minecraft:iron_bars":2,"minecraft:verdant_froglight":6,"minecraft:wooden_pickaxe":1,"minecraft:calcite":5,"minecraft:cyan_carpet":1},"minecraft:killed":{"minecraft:skeleton":36,"minecraft:zombie":1,"minecraft:chicken":2,"minecraft:stray":1,"minecraft:cow":6},"minecraft:custom":{"minecraft:interact_with_smithing_table":1,"minecraft:interact_with_furnace":30,"minecraft:mob_kills":46,"minecraft:interact_with_crafting_table":39,"minecraft:open_barrel":21,"minecraft:interact_with_loom":1,"minecraft:interact_with_grindstone":1,"minecraft:leave_game":2,"minecraft:time_since_death":229208,"minecraft:sleep_in_bed":8,"minecraft:climb_one_cm":8936,"minecraft:time_since_rest":1213,"minecraft:sprint_one_cm":350216,"minecraft:damage_taken":483,"minecraft:walk_one_cm":235538,"minecraft:drop":27,"minecraft:damage_dealt":7619,"minecraft:swim_one_cm":672,"minecraft:talked_to_villager":5,"minecraft:fly_one_cm":483773,"minecraft:open_chest":72,"minecraft:crouch_one_cm":22011,"minecraft:play_time":229208,"tombstone:undead_killed":38,"minecraft:sneak_time":6454,"minecraft:walk_under_water_one_cm":4265,"minecraft:jump":2354,"minecraft:interact_with_brewingstand":1,"minecraft:walk_on_water_one_cm":8306,"minecraft:total_world_time":229208,"minecraft:fall_one_cm":47833},"minecraft:broken":{"minecraft:wooden_pickaxe":1},"minecraft:crafted":{"hangglider:glider_framework":1,"minecraft:cooked_beef":5,"immersive_armors:bone_leggings":1,"minecraft:crafting_table":1,"hangglider:hang_glider":1,"minecraft:wooden_pickaxe":1,"minecraft:cooked_chicken":2,"minecraft:iron_sword":1,"immersive_armors:wooden_leggings":1,"minecraft:spruce_door":3,"minecraft:stone":6,"hangglider:glider_wing":2,"minecraft:air":0,"immersive_armors:wooden_chestplate":1,"immersive_armors:wooden_boots":1,"immersive_armors:bone_helmet":1,"minecraft:stick":18,"minecraft:iron_ingot":6,"minecraft:iron_pickaxe":1,"minecraft:stone_pickaxe":1,"minecraft:wooden_axe":1,"minecraft:chest":4,"minecraft:armor_stand":1,"immersive_armors:wooden_helmet":1,"minecraft:torch":36,"immersive_armors:bone_boots":1,"minecraft:firework_rocket":24,"immersive_armors:bone_chestplate":1},"minecraft:mined":{"minecraft:light_gray_carpet":1,"minecraft:spruce_planks":8,"minecraft:smoker":1,"minecraft:brewing_stand":1,"minecraft:calcite":8,"minecraft:white_stained_glass_pane":1,"minecraft:spruce_wall_sign":2,"minecraft:coal_block":9,"minecraft:diorite":49,"minecraft:spawner":1,"minecraft:verdant_froglight":6,"minecraft:iron_ore":6,"minecraft:fire":5,"minecraft:white_carpet":1,"minecraft:spruce_log":30,"minecraft:coal_ore":9,"minecraft:iron_bars":1,"minecraft:sand":20,"minecraft:cyan_carpet":1,"minecraft:dirt":5,"minecraft:stone":42},"minecraft:used":{"minecraft:cooked_mutton":6,"minecraft:diorite":2,"minecraft:spruce_door":2,"minecraft:snow_block":2,"minecraft:armor_stand":1,"minecraft:stone_pickaxe":50,"minecraft:light_gray_carpet":1,"minecraft:chest":4,"minecraft:spruce_planks":42,"minecraft:wooden_pickaxe":59,"minecraft:iron_sword":198,"minecraft:cooked_chicken":2,"minecraft:torch":10,"minecraft:sand":1,"minecraft:dirt":87,"minecraft:white_carpet":1,"minecraft:crafting_table":1,"minecraft:wooden_axe":41,"minecraft:bread":4,"minecraft:iron_pickaxe":24,"immersive_armors:wooden_boots":1,"immersive_armors:wooden_chestplate":1,"minecraft:bow":1,"minecraft:cobblestone":144,"minecraft:sweet_berries":24,"tombstone:gift":1,"immersive_armors:wooden_leggings":1,"minecraft:cooked_beef":5,"minecraft:splash_potion":1,"immersive_armors:wooden_helmet":1},"minecraft:picked_up":{"minecraft:feather":2,"minecraft:chicken":2,"minecraft:leather":5,"minecraft:wooden_pickaxe":1,"minecraft:smoker":2,"minecraft:brewing_stand":1,"minecraft:dirt":4,"tombstone:gift":1,"minecraft:cooked_mutton":6,"minecraft:white_carpet":1,"minecraft:bone":33,"minecraft:cyan_carpet":1,"minecraft:spruce_planks":141,"minecraft:beef":10,"minecraft:calcite":10,"minecraft:coal_block":9,"minecraft:verdant_froglight":12,"minecraft:egg":1,"minecraft:tipped_arrow":1,"minecraft:stick":4,"minecraft:raw_iron":6,"minecraft:sweet_berries":20,"minecraft:torch":26,"minecraft:sand":19,"minecraft:snow_block":2,"tombstone:grave_dust":5,"minecraft:diorite":49,"minecraft:spruce_log":29,"minecraft:arrow":28,"minecraft:spruce_sign":1,"tombstone:magic_scroll":1,"minecraft:light_gray_carpet":4,"minecraft:iron_bars":2,"minecraft:coal":9,"minecraft:cobblestone":41}},"DataVersion":3465}