{"stats":{"minecraft:broken":{"minecraft:stone_pickaxe":2,"minecraft:stone_axe":1,"securitycraft:universal_block_reinforcer_lvl1":1},"minecraft:mined":{"minecraft:red_carpet":2,"minecraft:spruce_planks":4,"minecraft:white_bed":8,"minecraft:deepslate_diamond_ore":10,"minecraft:cobblestone_stairs":15,"minecraft:granite":3,"minecraft:grass_block":54,"minecraft:spruce_leaves":37,"minecraft:spawner":1,"minecraft:large_fern":2,"minecraft:magma_block":4,"minecraft:redstone_ore":6,"minecraft:furnace":2,"minecraft:iron_ore":59,"minecraft:barrel":1,"minecraft:andesite":9,"minecraft:stripped_spruce_log":1,"minecraft:peony":1,"minecraft:brown_bed":4,"minecraft:deepslate_iron_ore":28,"minecraft:cobblestone_slab":18,"minecraft:iron_bars":1,"minecraft:lantern":13,"minecraft:stone":753,"minecraft:spruce_slab":6,"minecraft:podzol":40,"minecraft:light_gray_carpet":1,"minecraft:crafting_table":4,"minecraft:torch":8,"minecraft:calcite":1,"minecraft:tall_grass":1,"minecraft:cobblestone":191,"minecraft:deepslate_gold_ore":18,"minecraft:diorite":42,"minecraft:wall_torch":22,"minecraft:amethyst_block":9,"minecraft:spruce_stairs":1,"minecraft:sweet_berry_bush":8,"minecraft:ice":3,"minecraft:white_carpet":1,"minecraft:spruce_log":205,"minecraft:grass":7,"elevatorid:elevator_white":1,"minecraft:coal_ore":83,"minecraft:sand":25,"minecraft:dirt":101,"minecraft:gold_ore":7,"minecraft:deepslate":21,"minecraft:fern":6},"minecraft:killed":{"minecraft:spider":3,"minecraft:skeleton":7,"minecraft:sheep":13,"tameablebeasts:giant_roly_poly":1,"minecraft:zombie":33,"minecraft:cow":6,"minecraft:enderman":3},"minecraft:used":{"minecraft:iron_bars":1,"minecraft:iron_shovel":190,"securitycraft:reinforced_cobblestone_stairs":55,"minecraft:armor_stand":3,"minecraft:spruce_slab":48,"minecraft:chest":3,"minecraft:spruce_planks":51,"minecraft:shield":1,"minecraft:iron_sword":165,"minecraft:cooked_chicken":20,"minecraft:rotten_flesh":10,"securitycraft:reinforced_cobblestone_slab":85,"minecraft:torch":66,"minecraft:dirt":19,"minecraft:mutton":2,"minecraft:spruce_stairs":17,"minecraft:snowball":17,"minecraft:lava_bucket":5,"minecraft:lantern":15,"minecraft:iron_axe":118,"minecraft:barrel":4,"securitycraft:sentry":4,"minecraft:magma_block":3,"minecraft:bow":1,"minecraft:sweet_berries":62,"minecraft:furnace":4,"tombstone:gift":6,"minecraft:egg":1,"minecraft:cooked_beef":15,"minecraft:cobbled_deepslate":11,"minecraft:brown_bed":4,"minecraft:cooked_mutton":4,"minecraft:water_bucket":5,"minecraft:cobblestone_stairs":119,"minecraft:spruce_door":2,"securitycraft:reinforced_cobblestone":552,"minecraft:stone_pickaxe":362,"minecraft:wooden_pickaxe":76,"minecraft:cobblestone_slab":119,"elevatorid:elevator_white":4,"minecraft:crafting_table":8,"minecraft:white_bed":8,"securitycraft:universal_block_remover":21,"minecraft:spruce_log":45,"tombstone:bag_of_seeds":1,"minecraft:diamond_pickaxe":722,"minecraft:iron_pickaxe":183,"minecraft:map":1,"minecraft:bread":31,"minecraft:spruce_sapling":9,"minecraft:stone_axe":204,"minecraft:cobblestone":1420,"minecraft:bucket":9,"minecraft:splash_potion":1},"minecraft:custom":{"minecraft:interact_with_smithing_table":2,"minecraft:mob_kills":72,"minecraft:interact_with_crafting_table":88,"minecraft:open_barrel":90,"minecraft:bell_ring":1,"minecraft:leave_game":9,"minecraft:time_since_death":2661,"minecraft:climb_one_cm":5707,"minecraft:walk_one_cm":897126,"minecraft:sprint_one_cm":886148,"minecraft:damage_blocked_by_shield":125,"minecraft:drop":67,"minecraft:talked_to_villager":5,"minecraft:play_time":506520,"minecraft:sneak_time":17570,"minecraft:deaths":5,"minecraft:walk_under_water_one_cm":11687,"minecraft:jump":4716,"minecraft:interact_with_brewingstand":3,"minecraft:walk_on_water_one_cm":6916,"minecraft:total_world_time":506520,"minecraft:interact_with_furnace":73,"minecraft:pot_flower":1,"minecraft:sleep_in_bed":12,"minecraft:time_since_rest":2337,"minecraft:damage_taken":5828,"minecraft:damage_dealt":11418,"minecraft:swim_one_cm":23104,"minecraft:fly_one_cm":1061056,"minecraft:open_chest":121,"minecraft:crouch_one_cm":62270,"tombstone:undead_killed":40,"minecraft:fall_one_cm":115154},"minecraft:dropped":{"minecraft:wheat_seeds":2,"minecraft:cobblestone":192,"minecraft:granite":1,"minecraft:dirt":9,"minecraft:diorite":23,"minecraft:string":2,"minecraft:spruce_sapling":13,"minecraft:stone_axe":1,"minecraft:cooked_chicken":6,"minecraft:rotten_flesh":5,"minecraft:cooked_mutton":6,"tameablebeasts:argentavis_saddle":1,"minecraft:spruce_planks":256,"minecraft:peony":1,"minecraft:beef":2},"minecraft:picked_up":{"minecraft:crafting_table":4,"minecraft:chicken":1,"minecraft:brown_bed":4,"minecraft:amethyst_block":9,"securitycraft:reinforced_cobblestone_slab":85,"minecraft:string":4,"minecraft:armor_stand":1,"minecraft:white_carpet":1,"minecraft:cobbled_deepslate":27,"minecraft:spruce_planks":132,"minecraft:beef":15,"minecraft:cobblestone_slab":24,"minecraft:calcite":1,"minecraft:spruce_slab":6,"minecraft:furnace":2,"securitycraft:reinforced_cobblestone_stairs":55,"minecraft:stick":13,"minecraft:raw_iron":87,"securitycraft:reinforced_cobblestone":580,"minecraft:torch":58,"minecraft:spruce_stairs":1,"tombstone:grave_dust":9,"minecraft:diorite":48,"minecraft:carrot":1,"minecraft:redstone":38,"minecraft:arrow":8,"minecraft:rotten_flesh":38,"minecraft:peony":1,"minecraft:totem_of_undying":1,"minecraft:mutton":18,"minecraft:iron_bars":1,"minecraft:white_wool":12,"minecraft:cobblestone":1069,"minecraft:magma_block":3,"minecraft:feather":2,"minecraft:golden_carrot":7,"minecraft:andesite":9,"minecraft:leather":6,"minecraft:gunpowder":1,"minecraft:cobblestone_stairs":15,"minecraft:dirt":204,"minecraft:lantern":15,"minecraft:red_carpet":2,"minecraft:bone":11,"minecraft:bow":2,"minecraft:wheat_seeds":5,"minecraft:raw_gold":25,"tombstone:bag_of_seeds":1,"elevatorid:elevator_white":1,"tameablebeasts:roly_plaque":1,"minecraft:sweet_berries":48,"minecraft:sand":25,"minecraft:stripped_spruce_log":1,"minecraft:spruce_sapling":24,"securitycraft:reinforced_iron_block":11,"minecraft:grass_block":2,"minecraft:white_bed":8,"minecraft:spruce_log":195,"minecraft:spruce_door":1,"minecraft:spider_eye":1,"minecraft:barrel":1,"minecraft:bundle":1,"minecraft:diamond":16,"minecraft:granite":4,"minecraft:golden_apple":6,"minecraft:light_gray_carpet":1,"minecraft:coal":83,"minecraft:ender_pearl":3},"minecraft:crafted":{"hangglider:glider_framework":1,"minecraft:smooth_stone":7,"minecraft:cobblestone_slab":234,"securitycraft:sentry":4,"minecraft:smooth_stone_slab":6,"hangglider:hang_glider":1,"minecraft:cooked_chicken":1,"minecraft:furnace":2,"minecraft:cobblestone_stairs":152,"minecraft:stone":7,"hangglider:glider_wing":2,"minecraft:cooked_mutton":16,"minecraft:glass_pane":16,"immersive_armors:wooden_chestplate":1,"securitycraft:laser_block":1,"minecraft:glass":15,"minecraft:spruce_stairs":16,"minecraft:bow":3,"minecraft:iron_boots":1,"minecraft:iron_axe":1,"securitycraft:universal_block_remover":1,"minecraft:spruce_slab":42,"minecraft:stone_pickaxe":3,"minecraft:chest":3,"immersive_armors:wooden_helmet":1,"minecraft:redstone_block":1,"immersive_armors:bone_chestplate":1,"minecraft:cooked_beef":15,"securitycraft:portable_radar":4,"securitycraft:reinforced_dispenser":4,"immersive_armors:bone_leggings":1,"elevatorid:elevator_white":2,"minecraft:crafting_table":4,"minecraft:spruce_planks":508,"minecraft:wooden_pickaxe":2,"minecraft:iron_helmet":1,"minecraft:iron_sword":1,"immersive_armors:wooden_leggings":1,"minecraft:spruce_door":3,"minecraft:bucket":3,"minecraft:stone_axe":2,"minecraft:air":0,"immersive_armors:wooden_boots":1,"securitycraft:remote_access_sentry":1,"immersive_armors:bone_helmet":1,"minecraft:iron_chestplate":1,"minecraft:diamond_pickaxe":1,"minecraft:shield":1,"minecraft:stick":64,"minecraft:iron_ingot":87,"minecraft:iron_pickaxe":1,"minecraft:iron_block":11,"minecraft:iron_shovel":1,"minecraft:iron_leggings":1,"minecraft:armor_stand":2,"minecraft:white_bed":2,"minecraft:redstone_torch":5,"minecraft:torch":8,"immersive_armors:bone_boots":1,"minecraft:shears":1,"securitycraft:universal_block_reinforcer_lvl1":1}},"DataVersion":3465}