{"stats":{"minecraft:custom":{"minecraft:jump":52,"minecraft:time_since_rest":1985,"minecraft:deaths":1,"minecraft:damage_taken":260,"minecraft:leave_game":3,"minecraft:play_time":5471,"minecraft:sprint_one_cm":11541,"minecraft:time_since_death":1955,"minecraft:walk_one_cm":2445,"minecraft:total_world_time":5471,"minecraft:fall_one_cm":3437,"minecraft:fly_one_cm":12730},"minecraft:used":{"minecraft:spruce_log":2},"minecraft:mined":{"minecraft:spruce_log":2},"minecraft:picked_up":{"minecraft:spruce_log":2}},"DataVersion":3465}