{"stats":{"minecraft:dropped":{"minecraft:wheat_seeds":2,"minecraft:dirt":2,"minecraft:diorite":23,"minecraft:spruce_sapling":12,"minecraft:stone_axe":1,"minecraft:rotten_flesh":4,"minecraft:cooked_mutton":6,"minecraft:peony":1,"minecraft:spruce_planks":256,"minecraft:beef":2},"minecraft:killed":{"minecraft:spider":1,"minecraft:skeleton":5,"minecraft:sheep":8,"minecraft:zombie":24,"minecraft:cow":6},"minecraft:custom":{"minecraft:interact_with_smithing_table":2,"minecraft:mob_kills":44,"minecraft:interact_with_crafting_table":53,"minecraft:open_barrel":44,"minecraft:bell_ring":1,"minecraft:leave_game":5,"minecraft:time_since_death":95810,"minecraft:climb_one_cm":5577,"minecraft:sprint_one_cm":530031,"minecraft:walk_one_cm":445681,"minecraft:damage_blocked_by_shield":125,"minecraft:drop":51,"minecraft:talked_to_villager":5,"minecraft:play_time":261310,"minecraft:deaths":2,"minecraft:sneak_time":1657,"minecraft:jump":2546,"minecraft:interact_with_brewingstand":3,"minecraft:walk_on_water_one_cm":2267,"minecraft:total_world_time":261310,"minecraft:interact_with_furnace":64,"minecraft:pot_flower":1,"minecraft:sleep_in_bed":5,"minecraft:time_since_rest":23247,"minecraft:damage_taken":2476,"minecraft:damage_dealt":6942,"minecraft:fly_one_cm":498817,"minecraft:open_chest":90,"minecraft:crouch_one_cm":3795,"tombstone:undead_killed":29,"minecraft:fall_one_cm":55965},"minecraft:broken":{"minecraft:stone_pickaxe":2,"minecraft:stone_axe":1},"minecraft:crafted":{"hangglider:glider_framework":1,"minecraft:smooth_stone":3,"minecraft:cobblestone_slab":114,"minecraft:smooth_stone_slab":6,"hangglider:hang_glider":1,"minecraft:cooked_chicken":1,"minecraft:furnace":2,"minecraft:stone":7,"hangglider:glider_wing":2,"minecraft:cooked_mutton":10,"immersive_armors:wooden_chestplate":1,"minecraft:spruce_stairs":16,"minecraft:iron_boots":1,"minecraft:iron_axe":1,"minecraft:spruce_slab":42,"minecraft:stone_pickaxe":3,"immersive_armors:wooden_helmet":1,"immersive_armors:bone_chestplate":1,"minecraft:cooked_beef":15,"immersive_armors:bone_leggings":1,"minecraft:crafting_table":4,"minecraft:spruce_planks":508,"minecraft:wooden_pickaxe":2,"minecraft:iron_helmet":1,"minecraft:iron_sword":1,"immersive_armors:wooden_leggings":1,"minecraft:spruce_door":3,"minecraft:stone_axe":2,"minecraft:air":0,"immersive_armors:wooden_boots":1,"immersive_armors:bone_helmet":1,"minecraft:iron_chestplate":1,"minecraft:diamond_pickaxe":1,"minecraft:shield":1,"minecraft:stick":44,"minecraft:iron_ingot":87,"minecraft:iron_pickaxe":1,"minecraft:iron_shovel":1,"minecraft:iron_leggings":1,"minecraft:armor_stand":2,"minecraft:white_bed":2,"minecraft:torch":8,"immersive_armors:bone_boots":1},"minecraft:used":{"minecraft:iron_bars":1,"minecraft:iron_shovel":190,"minecraft:armor_stand":3,"minecraft:spruce_slab":48,"minecraft:spruce_planks":51,"minecraft:shield":1,"minecraft:iron_sword":73,"minecraft:cooked_chicken":1,"minecraft:rotten_flesh":3,"minecraft:torch":30,"minecraft:dirt":19,"minecraft:mutton":2,"minecraft:spruce_stairs":17,"minecraft:snowball":17,"minecraft:lantern":9,"minecraft:iron_axe":111,"minecraft:barrel":4,"minecraft:bow":1,"minecraft:sweet_berries":62,"minecraft:furnace":4,"tombstone:gift":6,"minecraft:egg":1,"minecraft:cooked_beef":3,"minecraft:cobbled_deepslate":9,"minecraft:brown_bed":3,"minecraft:cooked_mutton":4,"minecraft:water_bucket":1,"minecraft:spruce_door":2,"minecraft:stone_pickaxe":362,"minecraft:wooden_pickaxe":76,"minecraft:cobblestone_slab":75,"minecraft:crafting_table":7,"minecraft:white_bed":8,"minecraft:spruce_log":45,"minecraft:diamond_pickaxe":100,"minecraft:bread":29,"minecraft:iron_pickaxe":183,"minecraft:spruce_sapling":9,"minecraft:stone_axe":204,"minecraft:cobblestone":143,"minecraft:bucket":1,"minecraft:splash_potion":1},"minecraft:mined":{"minecraft:red_carpet":2,"minecraft:spruce_planks":4,"minecraft:white_bed":8,"minecraft:deepslate_diamond_ore":10,"minecraft:grass_block":45,"minecraft:spruce_leaves":36,"minecraft:spawner":1,"minecraft:large_fern":1,"minecraft:furnace":2,"minecraft:iron_ore":59,"minecraft:barrel":1,"minecraft:andesite":9,"minecraft:stripped_spruce_log":1,"minecraft:peony":1,"minecraft:brown_bed":3,"minecraft:cobblestone_slab":16,"minecraft:deepslate_iron_ore":28,"minecraft:iron_bars":1,"minecraft:lantern":7,"minecraft:stone":453,"minecraft:spruce_slab":6,"minecraft:podzol":40,"minecraft:light_gray_carpet":1,"minecraft:crafting_table":3,"minecraft:torch":6,"minecraft:calcite":1,"minecraft:tall_grass":1,"minecraft:cobblestone":15,"minecraft:deepslate_gold_ore":18,"minecraft:diorite":30,"minecraft:wall_torch":19,"minecraft:amethyst_block":9,"minecraft:spruce_stairs":1,"minecraft:sweet_berry_bush":8,"minecraft:white_carpet":1,"minecraft:spruce_log":205,"minecraft:grass":6,"minecraft:coal_ore":6,"minecraft:dirt":91,"minecraft:gold_ore":1,"minecraft:deepslate":21,"minecraft:fern":4},"minecraft:picked_up":{"minecraft:crafting_table":3,"minecraft:chicken":1,"minecraft:brown_bed":3,"minecraft:amethyst_block":9,"minecraft:string":1,"minecraft:armor_stand":1,"minecraft:white_carpet":1,"minecraft:cobbled_deepslate":25,"minecraft:spruce_planks":132,"minecraft:beef":15,"minecraft:cobblestone_slab":22,"minecraft:calcite":1,"minecraft:spruce_slab":6,"minecraft:furnace":2,"minecraft:stick":13,"minecraft:raw_iron":87,"minecraft:torch":52,"minecraft:spruce_stairs":1,"tombstone:grave_dust":9,"minecraft:diorite":36,"minecraft:carrot":1,"minecraft:arrow":5,"minecraft:rotten_flesh":27,"minecraft:peony":1,"minecraft:mutton":12,"minecraft:iron_bars":1,"minecraft:cobblestone":475,"minecraft:white_wool":8,"minecraft:feather":2,"minecraft:andesite":9,"minecraft:leather":6,"minecraft:gunpowder":1,"minecraft:dirt":178,"minecraft:lantern":9,"minecraft:red_carpet":2,"minecraft:bone":9,"minecraft:bow":1,"minecraft:wheat_seeds":3,"minecraft:raw_gold":19,"minecraft:sweet_berries":48,"minecraft:stripped_spruce_log":1,"minecraft:spruce_sapling":23,"minecraft:white_bed":8,"minecraft:spruce_log":195,"minecraft:spruce_door":1,"minecraft:spider_eye":1,"minecraft:barrel":1,"minecraft:bundle":1,"minecraft:diamond":10,"minecraft:granite":3,"minecraft:light_gray_carpet":1,"minecraft:coal":6}},"DataVersion":3465}